id,creation_time,failed,failed_reason,time_of_death,type,max_size,full,role,awaiting_async_process,pending_async_processes,failed_async_processes,trial_maker_id,target_num_trials,participant_id,id_within_participant,class,n_nodes,n_active_nodes,n_failed_nodes,n_trials,n_active_trials,n_failed_trials,participant_group,chain_type,trials_per_node,definition
2,2022-08-09 17:34,False,,,CustomNetwork,82,True,experiment,False,{},{},gibbs_experiment,80,,,CustomNetwork,82,82,0,86,86,0,default,across,1,"{""target"": ""angry""}"
3,2022-08-09 17:34,False,,,CustomNetwork,82,True,experiment,False,{},{},gibbs_experiment,80,,,CustomNetwork,83,82,1,85,85,0,default,across,1,"{""target"": ""surprised""}"
4,2022-08-09 17:34,False,,,CustomNetwork,82,True,experiment,False,{},{},gibbs_experiment,80,,,CustomNetwork,82,82,0,89,88,1,default,across,1,"{""target"": ""afraid""}"
5,2022-08-09 17:34,False,,,CustomNetwork,82,True,experiment,False,{},{},gibbs_experiment,80,,,CustomNetwork,82,82,0,85,85,0,default,across,1,"{""target"": ""disgusted""}"
6,2022-08-09 17:34,False,,,CustomNetwork,82,True,experiment,False,{},{},gibbs_experiment,80,,,CustomNetwork,82,82,0,84,83,1,default,across,1,"{""target"": ""happy""}"
7,2022-08-09 17:34,False,,,CustomNetwork,82,True,experiment,False,{},{},gibbs_experiment,80,,,CustomNetwork,82,82,0,83,83,0,default,across,1,"{""target"": ""sad""}"
8,2022-08-09 17:34,False,,,CustomNetwork,82,True,experiment,False,{},{},gibbs_experiment,80,,,CustomNetwork,82,82,0,84,84,0,default,across,1,"{""target"": ""angry""}"
9,2022-08-09 17:34,False,,,CustomNetwork,82,True,experiment,False,{},{},gibbs_experiment,80,,,CustomNetwork,82,82,0,82,81,1,default,across,1,"{""target"": ""surprised""}"
10,2022-08-09 17:34,False,,,CustomNetwork,82,True,experiment,False,{},{},gibbs_experiment,80,,,CustomNetwork,83,83,0,86,86,0,default,across,1,"{""target"": ""afraid""}"
11,2022-08-09 17:34,False,,,CustomNetwork,82,True,experiment,False,{},{},gibbs_experiment,80,,,CustomNetwork,83,83,0,84,84,0,default,across,1,"{""target"": ""disgusted""}"
12,2022-08-09 17:34,False,,,CustomNetwork,82,True,experiment,False,{},{},gibbs_experiment,80,,,CustomNetwork,83,83,0,88,88,0,default,across,1,"{""target"": ""happy""}"
13,2022-08-09 17:34,False,,,CustomNetwork,82,True,experiment,False,{},{},gibbs_experiment,80,,,CustomNetwork,82,82,0,85,85,0,default,across,1,"{""target"": ""sad""}"
14,2022-08-09 17:34,False,,,CustomNetwork,82,True,experiment,False,{},{},gibbs_experiment,80,,,CustomNetwork,82,82,0,83,83,0,default,across,1,"{""target"": ""angry""}"
15,2022-08-09 17:34,False,,,CustomNetwork,82,True,experiment,False,{},{},gibbs_experiment,80,,,CustomNetwork,82,82,0,85,85,0,default,across,1,"{""target"": ""surprised""}"
16,2022-08-09 17:34,False,,,CustomNetwork,82,True,experiment,False,{},{},gibbs_experiment,80,,,CustomNetwork,82,82,0,84,84,0,default,across,1,"{""target"": ""afraid""}"
17,2022-08-09 17:34,False,,,CustomNetwork,82,True,experiment,False,{},{},gibbs_experiment,80,,,CustomNetwork,83,83,0,87,86,1,default,across,1,"{""target"": ""disgusted""}"
18,2022-08-09 17:34,False,,,CustomNetwork,82,True,experiment,False,{},{},gibbs_experiment,80,,,CustomNetwork,83,82,1,88,88,0,default,across,1,"{""target"": ""happy""}"
19,2022-08-09 17:34,False,,,CustomNetwork,82,True,experiment,False,{},{},gibbs_experiment,80,,,CustomNetwork,82,82,0,88,88,0,default,across,1,"{""target"": ""sad""}"
20,2022-08-09 17:34,False,,,CustomNetwork,82,True,experiment,False,{},{},gibbs_experiment,80,,,CustomNetwork,82,82,0,85,85,0,default,across,1,"{""target"": ""angry""}"
21,2022-08-09 17:34,False,,,CustomNetwork,82,True,experiment,False,{},{},gibbs_experiment,80,,,CustomNetwork,82,82,0,87,87,0,default,across,1,"{""target"": ""surprised""}"
22,2022-08-09 17:34,False,,,CustomNetwork,82,True,experiment,False,{},{},gibbs_experiment,80,,,CustomNetwork,83,83,0,89,89,0,default,across,1,"{""target"": ""afraid""}"
23,2022-08-09 17:34,False,,,CustomNetwork,82,True,experiment,False,{},{},gibbs_experiment,80,,,CustomNetwork,83,82,1,84,83,1,default,across,1,"{""target"": ""disgusted""}"
24,2022-08-09 17:34,False,,,CustomNetwork,82,True,experiment,False,{},{},gibbs_experiment,80,,,CustomNetwork,84,83,1,84,84,0,default,across,1,"{""target"": ""happy""}"
25,2022-08-09 17:34,False,,,CustomNetwork,82,True,experiment,False,{},{},gibbs_experiment,80,,,CustomNetwork,82,82,0,86,86,0,default,across,1,"{""target"": ""sad""}"
26,2022-08-09 17:34,False,,,CustomNetwork,82,True,experiment,False,{},{},gibbs_experiment,80,,,CustomNetwork,82,82,0,84,84,0,default,across,1,"{""target"": ""angry""}"
27,2022-08-09 17:34,False,,,CustomNetwork,82,True,experiment,False,{},{},gibbs_experiment,80,,,CustomNetwork,82,82,0,84,84,0,default,across,1,"{""target"": ""surprised""}"
28,2022-08-09 17:34,False,,,CustomNetwork,82,True,experiment,False,{},{},gibbs_experiment,80,,,CustomNetwork,83,83,0,84,84,0,default,across,1,"{""target"": ""afraid""}"
29,2022-08-09 17:34,False,,,CustomNetwork,82,True,experiment,False,{},{},gibbs_experiment,80,,,CustomNetwork,82,82,0,88,87,1,default,across,1,"{""target"": ""disgusted""}"
30,2022-08-09 17:34,False,,,CustomNetwork,82,True,experiment,False,{},{},gibbs_experiment,80,,,CustomNetwork,83,83,0,86,86,0,default,across,1,"{""target"": ""happy""}"
31,2022-08-09 17:34,False,,,CustomNetwork,82,True,experiment,False,{},{},gibbs_experiment,80,,,CustomNetwork,83,83,0,85,85,0,default,across,1,"{""target"": ""sad""}"
32,2022-08-09 17:34,False,,,CustomNetwork,82,True,experiment,False,{},{},gibbs_experiment,80,,,CustomNetwork,83,83,0,88,88,0,default,across,1,"{""target"": ""angry""}"
33,2022-08-09 17:34,False,,,CustomNetwork,82,True,experiment,False,{},{},gibbs_experiment,80,,,CustomNetwork,82,82,0,85,85,0,default,across,1,"{""target"": ""surprised""}"
34,2022-08-09 17:34,False,,,CustomNetwork,82,True,experiment,False,{},{},gibbs_experiment,80,,,CustomNetwork,82,82,0,83,83,0,default,across,1,"{""target"": ""afraid""}"
35,2022-08-09 17:34,False,,,CustomNetwork,82,True,experiment,False,{},{},gibbs_experiment,80,,,CustomNetwork,83,83,0,88,88,0,default,across,1,"{""target"": ""disgusted""}"
36,2022-08-09 17:34,False,,,CustomNetwork,82,True,experiment,False,{},{},gibbs_experiment,80,,,CustomNetwork,82,82,0,91,90,1,default,across,1,"{""target"": ""happy""}"
37,2022-08-09 17:34,False,,,CustomNetwork,82,True,experiment,False,{},{},gibbs_experiment,80,,,CustomNetwork,82,82,0,86,86,0,default,across,1,"{""target"": ""sad""}"
38,2022-08-09 17:34,False,,,CustomNetwork,82,True,experiment,False,{},{},gibbs_experiment,80,,,CustomNetwork,82,82,0,84,84,0,default,across,1,"{""target"": ""angry""}"
39,2022-08-09 17:34,False,,,CustomNetwork,82,True,experiment,False,{},{},gibbs_experiment,80,,,CustomNetwork,82,82,0,85,83,2,default,across,1,"{""target"": ""surprised""}"
40,2022-08-09 17:34,False,,,CustomNetwork,82,True,experiment,False,{},{},gibbs_experiment,80,,,CustomNetwork,82,82,0,88,87,1,default,across,1,"{""target"": ""afraid""}"
41,2022-08-09 17:34,False,,,CustomNetwork,82,True,experiment,False,{},{},gibbs_experiment,80,,,CustomNetwork,82,82,0,84,83,1,default,across,1,"{""target"": ""disgusted""}"
42,2022-08-09 17:34,False,,,CustomNetwork,82,True,experiment,False,{},{},gibbs_experiment,80,,,CustomNetwork,83,83,0,87,85,2,default,across,1,"{""target"": ""happy""}"
43,2022-08-09 17:34,False,,,CustomNetwork,82,True,experiment,False,{},{},gibbs_experiment,80,,,CustomNetwork,82,82,0,86,86,0,default,across,1,"{""target"": ""sad""}"
44,2022-08-09 17:34,False,,,CustomNetwork,82,True,experiment,False,{},{},gibbs_experiment,80,,,CustomNetwork,82,82,0,84,84,0,default,across,1,"{""target"": ""angry""}"
45,2022-08-09 17:34,False,,,CustomNetwork,82,True,experiment,False,{},{},gibbs_experiment,80,,,CustomNetwork,83,83,0,83,83,0,default,across,1,"{""target"": ""surprised""}"
46,2022-08-09 17:34,False,,,CustomNetwork,82,True,experiment,False,{},{},gibbs_experiment,80,,,CustomNetwork,82,82,0,85,85,0,default,across,1,"{""target"": ""afraid""}"
47,2022-08-09 17:34,False,,,CustomNetwork,82,True,experiment,False,{},{},gibbs_experiment,80,,,CustomNetwork,82,82,0,83,83,0,default,across,1,"{""target"": ""disgusted""}"
48,2022-08-09 17:34,False,,,CustomNetwork,82,True,experiment,False,{},{},gibbs_experiment,80,,,CustomNetwork,83,83,0,84,84,0,default,across,1,"{""target"": ""happy""}"
49,2022-08-09 17:34,False,,,CustomNetwork,82,True,experiment,False,{},{},gibbs_experiment,80,,,CustomNetwork,82,82,0,86,85,1,default,across,1,"{""target"": ""sad""}"
50,2022-08-09 17:34,False,,,CustomNetwork,82,True,experiment,False,{},{},gibbs_experiment,80,,,CustomNetwork,82,82,0,84,84,0,default,across,1,"{""target"": ""angry""}"
51,2022-08-09 17:34,False,,,CustomNetwork,82,True,experiment,False,{},{},gibbs_experiment,80,,,CustomNetwork,82,82,0,82,81,1,default,across,1,"{""target"": ""surprised""}"
52,2022-08-09 17:34,False,,,CustomNetwork,82,True,experiment,False,{},{},gibbs_experiment,80,,,CustomNetwork,82,82,0,85,83,2,default,across,1,"{""target"": ""afraid""}"
53,2022-08-09 17:34,False,,,CustomNetwork,82,True,experiment,False,{},{},gibbs_experiment,80,,,CustomNetwork,82,82,0,83,83,0,default,across,1,"{""target"": ""disgusted""}"
54,2022-08-09 17:34,False,,,CustomNetwork,82,True,experiment,False,{},{},gibbs_experiment,80,,,CustomNetwork,82,82,0,82,82,0,default,across,1,"{""target"": ""happy""}"
55,2022-08-09 17:34,False,,,CustomNetwork,82,True,experiment,False,{},{},gibbs_experiment,80,,,CustomNetwork,82,82,0,82,82,0,default,across,1,"{""target"": ""sad""}"
56,2022-08-09 17:34,False,,,CustomNetwork,82,True,experiment,False,{},{},gibbs_experiment,80,,,CustomNetwork,83,83,0,90,89,1,default,across,1,"{""target"": ""angry""}"
57,2022-08-09 17:34,False,,,CustomNetwork,82,True,experiment,False,{},{},gibbs_experiment,80,,,CustomNetwork,82,82,0,83,83,0,default,across,1,"{""target"": ""surprised""}"
58,2022-08-09 17:34,False,,,CustomNetwork,82,True,experiment,False,{},{},gibbs_experiment,80,,,CustomNetwork,82,82,0,84,84,0,default,across,1,"{""target"": ""afraid""}"
59,2022-08-09 17:34,False,,,CustomNetwork,82,True,experiment,False,{},{},gibbs_experiment,80,,,CustomNetwork,82,82,0,87,86,1,default,across,1,"{""target"": ""disgusted""}"
60,2022-08-09 17:34,False,,,CustomNetwork,82,True,experiment,False,{},{},gibbs_experiment,80,,,CustomNetwork,82,82,0,88,88,0,default,across,1,"{""target"": ""happy""}"
61,2022-08-09 17:34,False,,,CustomNetwork,82,True,experiment,False,{},{},gibbs_experiment,80,,,CustomNetwork,83,83,0,85,85,0,default,across,1,"{""target"": ""sad""}"
62,2022-08-09 17:36,False,,,CustomNetwork,4,False,experiment,False,{},{},gibbs_practice,2,2.0,0.0,CustomNetwork,3,3,0,2,2,0,default,within,1,"{""target"": ""happy""}"
63,2022-08-09 17:36,False,,,CustomNetwork,4,False,experiment,False,{},{},gibbs_practice,2,2.0,1.0,CustomNetwork,3,3,0,2,2,0,default,within,1,"{""target"": ""sad""}"
64,2022-08-09 17:38,False,,,CustomNetwork,4,False,experiment,False,{},{},gibbs_practice,2,5.0,0.0,CustomNetwork,3,3,0,2,2,0,default,within,1,"{""target"": ""happy""}"
65,2022-08-09 17:38,False,,,CustomNetwork,4,False,experiment,False,{},{},gibbs_practice,2,5.0,1.0,CustomNetwork,3,3,0,2,2,0,default,within,1,"{""target"": ""sad""}"
66,2022-08-09 17:38,False,,,CustomNetwork,4,False,experiment,False,{},{},gibbs_practice,2,7.0,0.0,CustomNetwork,3,3,0,2,2,0,default,within,1,"{""target"": ""happy""}"
67,2022-08-09 17:38,False,,,CustomNetwork,4,False,experiment,False,{},{},gibbs_practice,2,7.0,1.0,CustomNetwork,3,3,0,2,2,0,default,within,1,"{""target"": ""sad""}"
68,2022-08-09 17:40,False,,,CustomNetwork,4,False,experiment,False,{},{},gibbs_practice,2,10.0,0.0,CustomNetwork,3,3,0,2,2,0,default,within,1,"{""target"": ""happy""}"
69,2022-08-09 17:40,False,,,CustomNetwork,4,False,experiment,False,{},{},gibbs_practice,2,10.0,1.0,CustomNetwork,3,3,0,2,2,0,default,within,1,"{""target"": ""sad""}"
70,2022-08-09 17:42,False,,,CustomNetwork,4,False,experiment,False,{},{},gibbs_practice,2,12.0,0.0,CustomNetwork,3,3,0,2,2,0,default,within,1,"{""target"": ""happy""}"
71,2022-08-09 17:42,False,,,CustomNetwork,4,False,experiment,False,{},{},gibbs_practice,2,12.0,1.0,CustomNetwork,3,3,0,2,2,0,default,within,1,"{""target"": ""sad""}"
72,2022-08-09 17:46,False,,,CustomNetwork,4,False,experiment,False,{},{},gibbs_practice,2,16.0,0.0,CustomNetwork,3,3,0,2,2,0,default,within,1,"{""target"": ""happy""}"
73,2022-08-09 17:46,False,,,CustomNetwork,4,False,experiment,False,{},{},gibbs_practice,2,16.0,1.0,CustomNetwork,3,3,0,2,2,0,default,within,1,"{""target"": ""sad""}"
74,2022-08-09 17:46,False,,,CustomNetwork,4,False,experiment,False,{},{},gibbs_practice,2,15.0,0.0,CustomNetwork,3,3,0,2,2,0,default,within,1,"{""target"": ""happy""}"
75,2022-08-09 17:46,False,,,CustomNetwork,4,False,experiment,False,{},{},gibbs_practice,2,15.0,1.0,CustomNetwork,3,3,0,2,2,0,default,within,1,"{""target"": ""sad""}"
76,2022-08-09 17:47,False,,,CustomNetwork,4,False,experiment,False,{},{},gibbs_practice,2,8.0,0.0,CustomNetwork,3,3,0,2,2,0,default,within,1,"{""target"": ""happy""}"
77,2022-08-09 17:47,False,,,CustomNetwork,4,False,experiment,False,{},{},gibbs_practice,2,8.0,1.0,CustomNetwork,3,3,0,2,2,0,default,within,1,"{""target"": ""sad""}"
78,2022-08-09 17:51,False,,,CustomNetwork,4,False,experiment,False,{},{},gibbs_practice,2,18.0,0.0,CustomNetwork,3,3,0,2,2,0,default,within,1,"{""target"": ""happy""}"
79,2022-08-09 17:51,False,,,CustomNetwork,4,False,experiment,False,{},{},gibbs_practice,2,18.0,1.0,CustomNetwork,3,3,0,2,2,0,default,within,1,"{""target"": ""sad""}"
80,2022-08-09 17:58,False,,,CustomNetwork,4,False,experiment,False,{},{},gibbs_practice,2,20.0,0.0,CustomNetwork,2,2,0,1,0,1,default,within,1,"{""target"": ""happy""}"
81,2022-08-09 17:58,False,,,CustomNetwork,4,False,experiment,False,{},{},gibbs_practice,2,20.0,1.0,CustomNetwork,2,2,0,1,1,0,default,within,1,"{""target"": ""sad""}"
82,2022-08-09 18:02,False,,,CustomNetwork,4,False,experiment,False,{},{},gibbs_practice,2,21.0,0.0,CustomNetwork,3,3,0,2,2,0,default,within,1,"{""target"": ""happy""}"
83,2022-08-09 18:02,False,,,CustomNetwork,4,False,experiment,False,{},{},gibbs_practice,2,21.0,1.0,CustomNetwork,3,3,0,2,2,0,default,within,1,"{""target"": ""sad""}"
84,2022-08-09 18:04,False,,,CustomNetwork,4,False,experiment,False,{},{},gibbs_practice,2,23.0,0.0,CustomNetwork,3,3,0,2,2,0,default,within,1,"{""target"": ""happy""}"
85,2022-08-09 18:04,False,,,CustomNetwork,4,False,experiment,False,{},{},gibbs_practice,2,23.0,1.0,CustomNetwork,3,3,0,2,2,0,default,within,1,"{""target"": ""sad""}"
86,2022-08-09 18:05,False,,,CustomNetwork,4,False,experiment,False,{},{},gibbs_practice,2,24.0,0.0,CustomNetwork,3,3,0,2,2,0,default,within,1,"{""target"": ""happy""}"
87,2022-08-09 18:05,False,,,CustomNetwork,4,False,experiment,False,{},{},gibbs_practice,2,24.0,1.0,CustomNetwork,3,3,0,2,2,0,default,within,1,"{""target"": ""sad""}"
88,2022-08-09 18:09,False,,,CustomNetwork,4,False,experiment,False,{},{},gibbs_practice,2,27.0,0.0,CustomNetwork,3,3,0,2,2,0,default,within,1,"{""target"": ""happy""}"
89,2022-08-09 18:09,False,,,CustomNetwork,4,False,experiment,False,{},{},gibbs_practice,2,27.0,1.0,CustomNetwork,3,3,0,2,2,0,default,within,1,"{""target"": ""sad""}"
90,2022-08-09 18:10,False,,,CustomNetwork,4,False,experiment,False,{},{},gibbs_practice,2,29.0,0.0,CustomNetwork,3,3,0,2,2,0,default,within,1,"{""target"": ""happy""}"
91,2022-08-09 18:10,False,,,CustomNetwork,4,False,experiment,False,{},{},gibbs_practice,2,29.0,1.0,CustomNetwork,3,3,0,2,2,0,default,within,1,"{""target"": ""sad""}"
92,2022-08-09 18:11,False,,,CustomNetwork,4,False,experiment,False,{},{},gibbs_practice,2,30.0,0.0,CustomNetwork,3,3,0,2,2,0,default,within,1,"{""target"": ""happy""}"
93,2022-08-09 18:11,False,,,CustomNetwork,4,False,experiment,False,{},{},gibbs_practice,2,30.0,1.0,CustomNetwork,3,3,0,2,2,0,default,within,1,"{""target"": ""sad""}"
94,2022-08-09 18:14,False,,,CustomNetwork,4,False,experiment,False,{},{},gibbs_practice,2,31.0,0.0,CustomNetwork,3,3,0,2,2,0,default,within,1,"{""target"": ""happy""}"
95,2022-08-09 18:14,False,,,CustomNetwork,4,False,experiment,False,{},{},gibbs_practice,2,31.0,1.0,CustomNetwork,3,3,0,2,2,0,default,within,1,"{""target"": ""sad""}"
96,2022-08-09 18:18,False,,,CustomNetwork,4,False,experiment,False,{},{},gibbs_practice,2,33.0,0.0,CustomNetwork,3,3,0,2,2,0,default,within,1,"{""target"": ""happy""}"
97,2022-08-09 18:18,False,,,CustomNetwork,4,False,experiment,False,{},{},gibbs_practice,2,33.0,1.0,CustomNetwork,3,3,0,2,2,0,default,within,1,"{""target"": ""sad""}"
98,2022-08-09 18:29,False,,,CustomNetwork,4,False,experiment,False,{},{},gibbs_practice,2,37.0,0.0,CustomNetwork,3,3,0,2,2,0,default,within,1,"{""target"": ""happy""}"
99,2022-08-09 18:29,False,,,CustomNetwork,4,False,experiment,False,{},{},gibbs_practice,2,37.0,1.0,CustomNetwork,3,3,0,2,2,0,default,within,1,"{""target"": ""sad""}"
100,2022-08-09 18:31,False,,,CustomNetwork,4,False,experiment,False,{},{},gibbs_practice,2,36.0,0.0,CustomNetwork,3,3,0,2,2,0,default,within,1,"{""target"": ""happy""}"
101,2022-08-09 18:31,False,,,CustomNetwork,4,False,experiment,False,{},{},gibbs_practice,2,36.0,1.0,CustomNetwork,3,3,0,2,2,0,default,within,1,"{""target"": ""sad""}"
102,2022-08-09 18:32,False,,,CustomNetwork,4,False,experiment,False,{},{},gibbs_practice,2,34.0,0.0,CustomNetwork,3,3,0,2,2,0,default,within,1,"{""target"": ""happy""}"
103,2022-08-09 18:32,False,,,CustomNetwork,4,False,experiment,False,{},{},gibbs_practice,2,34.0,1.0,CustomNetwork,3,3,0,2,2,0,default,within,1,"{""target"": ""sad""}"
104,2022-08-09 18:36,False,,,CustomNetwork,4,False,experiment,False,{},{},gibbs_practice,2,39.0,0.0,CustomNetwork,3,3,0,2,2,0,default,within,1,"{""target"": ""happy""}"
105,2022-08-09 18:36,False,,,CustomNetwork,4,False,experiment,False,{},{},gibbs_practice,2,39.0,1.0,CustomNetwork,3,3,0,2,2,0,default,within,1,"{""target"": ""sad""}"
106,2022-08-09 18:36,False,,,CustomNetwork,4,False,experiment,False,{},{},gibbs_practice,2,40.0,0.0,CustomNetwork,3,3,0,3,2,1,default,within,1,"{""target"": ""happy""}"
107,2022-08-09 18:36,False,,,CustomNetwork,4,False,experiment,False,{},{},gibbs_practice,2,40.0,1.0,CustomNetwork,2,2,0,1,1,0,default,within,1,"{""target"": ""sad""}"
108,2022-08-09 18:36,False,,,CustomNetwork,4,False,experiment,False,{},{},gibbs_practice,2,41.0,0.0,CustomNetwork,3,3,0,2,2,0,default,within,1,"{""target"": ""happy""}"
109,2022-08-09 18:36,False,,,CustomNetwork,4,False,experiment,False,{},{},gibbs_practice,2,41.0,1.0,CustomNetwork,3,3,0,2,2,0,default,within,1,"{""target"": ""sad""}"
110,2022-08-09 18:38,False,,,CustomNetwork,4,False,experiment,False,{},{},gibbs_practice,2,42.0,0.0,CustomNetwork,3,3,0,2,2,0,default,within,1,"{""target"": ""happy""}"
111,2022-08-09 18:38,False,,,CustomNetwork,4,False,experiment,False,{},{},gibbs_practice,2,42.0,1.0,CustomNetwork,3,3,0,2,2,0,default,within,1,"{""target"": ""sad""}"
112,2022-08-09 18:39,False,,,CustomNetwork,4,False,experiment,False,{},{},gibbs_practice,2,43.0,0.0,CustomNetwork,3,3,0,2,2,0,default,within,1,"{""target"": ""happy""}"
113,2022-08-09 18:39,False,,,CustomNetwork,4,False,experiment,False,{},{},gibbs_practice,2,43.0,1.0,CustomNetwork,3,3,0,2,2,0,default,within,1,"{""target"": ""sad""}"
114,2022-08-09 18:43,False,,,CustomNetwork,4,False,experiment,False,{},{},gibbs_practice,2,44.0,0.0,CustomNetwork,3,3,0,2,2,0,default,within,1,"{""target"": ""happy""}"
115,2022-08-09 18:43,False,,,CustomNetwork,4,False,experiment,False,{},{},gibbs_practice,2,44.0,1.0,CustomNetwork,3,3,0,2,2,0,default,within,1,"{""target"": ""sad""}"
116,2022-08-09 18:46,False,,,CustomNetwork,4,False,experiment,False,{},{},gibbs_practice,2,45.0,0.0,CustomNetwork,3,3,0,2,2,0,default,within,1,"{""target"": ""happy""}"
117,2022-08-09 18:46,False,,,CustomNetwork,4,False,experiment,False,{},{},gibbs_practice,2,45.0,1.0,CustomNetwork,3,3,0,2,2,0,default,within,1,"{""target"": ""sad""}"
118,2022-08-09 18:47,False,,,CustomNetwork,4,False,experiment,False,{},{},gibbs_practice,2,47.0,0.0,CustomNetwork,3,3,0,2,2,0,default,within,1,"{""target"": ""happy""}"
119,2022-08-09 18:47,False,,,CustomNetwork,4,False,experiment,False,{},{},gibbs_practice,2,47.0,1.0,CustomNetwork,3,3,0,2,2,0,default,within,1,"{""target"": ""sad""}"
120,2022-08-09 18:49,False,,,CustomNetwork,4,False,experiment,False,{},{},gibbs_practice,2,46.0,0.0,CustomNetwork,3,3,0,2,2,0,default,within,1,"{""target"": ""happy""}"
121,2022-08-09 18:49,False,,,CustomNetwork,4,False,experiment,False,{},{},gibbs_practice,2,46.0,1.0,CustomNetwork,3,3,0,2,2,0,default,within,1,"{""target"": ""sad""}"
122,2022-08-09 18:50,False,,,CustomNetwork,4,False,experiment,False,{},{},gibbs_practice,2,48.0,0.0,CustomNetwork,3,3,0,2,2,0,default,within,1,"{""target"": ""happy""}"
123,2022-08-09 18:50,False,,,CustomNetwork,4,False,experiment,False,{},{},gibbs_practice,2,48.0,1.0,CustomNetwork,3,3,0,2,2,0,default,within,1,"{""target"": ""sad""}"
124,2022-08-09 18:51,False,,,CustomNetwork,4,False,experiment,False,{},{},gibbs_practice,2,49.0,0.0,CustomNetwork,3,3,0,2,2,0,default,within,1,"{""target"": ""happy""}"
125,2022-08-09 18:51,False,,,CustomNetwork,4,False,experiment,False,{},{},gibbs_practice,2,49.0,1.0,CustomNetwork,3,3,0,2,2,0,default,within,1,"{""target"": ""sad""}"
126,2022-08-09 18:54,False,,,CustomNetwork,4,False,experiment,False,{},{},gibbs_practice,2,50.0,0.0,CustomNetwork,3,3,0,2,2,0,default,within,1,"{""target"": ""happy""}"
127,2022-08-09 18:54,False,,,CustomNetwork,4,False,experiment,False,{},{},gibbs_practice,2,50.0,1.0,CustomNetwork,3,3,0,2,2,0,default,within,1,"{""target"": ""sad""}"
128,2022-08-09 18:56,False,,,CustomNetwork,4,False,experiment,False,{},{},gibbs_practice,2,51.0,0.0,CustomNetwork,3,3,0,2,2,0,default,within,1,"{""target"": ""happy""}"
129,2022-08-09 18:56,False,,,CustomNetwork,4,False,experiment,False,{},{},gibbs_practice,2,51.0,1.0,CustomNetwork,3,3,0,2,2,0,default,within,1,"{""target"": ""sad""}"
130,2022-08-09 19:00,False,,,CustomNetwork,4,False,experiment,False,{},{},gibbs_practice,2,52.0,0.0,CustomNetwork,3,3,0,2,2,0,default,within,1,"{""target"": ""happy""}"
131,2022-08-09 19:00,False,,,CustomNetwork,4,False,experiment,False,{},{},gibbs_practice,2,52.0,1.0,CustomNetwork,3,3,0,2,2,0,default,within,1,"{""target"": ""sad""}"
132,2022-08-09 19:02,False,,,CustomNetwork,4,False,experiment,False,{},{},gibbs_practice,2,53.0,0.0,CustomNetwork,3,3,0,2,2,0,default,within,1,"{""target"": ""happy""}"
133,2022-08-09 19:02,False,,,CustomNetwork,4,False,experiment,False,{},{},gibbs_practice,2,53.0,1.0,CustomNetwork,3,3,0,2,2,0,default,within,1,"{""target"": ""sad""}"
134,2022-08-09 19:09,False,,,CustomNetwork,4,False,experiment,False,{},{},gibbs_practice,2,55.0,0.0,CustomNetwork,3,3,0,2,2,0,default,within,1,"{""target"": ""happy""}"
135,2022-08-09 19:09,False,,,CustomNetwork,4,False,experiment,False,{},{},gibbs_practice,2,55.0,1.0,CustomNetwork,3,3,0,2,2,0,default,within,1,"{""target"": ""sad""}"
136,2022-08-09 19:13,False,,,CustomNetwork,4,False,experiment,False,{},{},gibbs_practice,2,57.0,0.0,CustomNetwork,3,3,0,2,2,0,default,within,1,"{""target"": ""happy""}"
137,2022-08-09 19:13,False,,,CustomNetwork,4,False,experiment,False,{},{},gibbs_practice,2,57.0,1.0,CustomNetwork,3,3,0,2,2,0,default,within,1,"{""target"": ""sad""}"
138,2022-08-09 19:15,False,,,CustomNetwork,4,False,experiment,False,{},{},gibbs_practice,2,58.0,0.0,CustomNetwork,3,3,0,2,2,0,default,within,1,"{""target"": ""happy""}"
139,2022-08-09 19:15,False,,,CustomNetwork,4,False,experiment,False,{},{},gibbs_practice,2,58.0,1.0,CustomNetwork,3,3,0,2,2,0,default,within,1,"{""target"": ""sad""}"
140,2022-08-09 19:21,False,,,CustomNetwork,4,False,experiment,False,{},{},gibbs_practice,2,60.0,0.0,CustomNetwork,3,3,0,2,2,0,default,within,1,"{""target"": ""happy""}"
141,2022-08-09 19:21,False,,,CustomNetwork,4,False,experiment,False,{},{},gibbs_practice,2,60.0,1.0,CustomNetwork,3,3,0,2,2,0,default,within,1,"{""target"": ""sad""}"
142,2022-08-09 19:27,False,,,CustomNetwork,4,False,experiment,False,{},{},gibbs_practice,2,62.0,0.0,CustomNetwork,3,3,0,2,2,0,default,within,1,"{""target"": ""happy""}"
143,2022-08-09 19:27,False,,,CustomNetwork,4,False,experiment,False,{},{},gibbs_practice,2,62.0,1.0,CustomNetwork,3,3,0,2,2,0,default,within,1,"{""target"": ""sad""}"
144,2022-08-09 19:27,False,,,CustomNetwork,4,False,experiment,False,{},{},gibbs_practice,2,63.0,0.0,CustomNetwork,3,3,0,2,2,0,default,within,1,"{""target"": ""happy""}"
145,2022-08-09 19:27,False,,,CustomNetwork,4,False,experiment,False,{},{},gibbs_practice,2,63.0,1.0,CustomNetwork,3,3,0,2,2,0,default,within,1,"{""target"": ""sad""}"
146,2022-08-09 19:30,False,,,CustomNetwork,4,False,experiment,False,{},{},gibbs_practice,2,65.0,0.0,CustomNetwork,3,3,0,2,2,0,default,within,1,"{""target"": ""happy""}"
147,2022-08-09 19:30,False,,,CustomNetwork,4,False,experiment,False,{},{},gibbs_practice,2,65.0,1.0,CustomNetwork,3,3,0,2,2,0,default,within,1,"{""target"": ""sad""}"
148,2022-08-09 19:31,False,,,CustomNetwork,4,False,experiment,False,{},{},gibbs_practice,2,66.0,0.0,CustomNetwork,3,3,0,2,2,0,default,within,1,"{""target"": ""happy""}"
149,2022-08-09 19:31,False,,,CustomNetwork,4,False,experiment,False,{},{},gibbs_practice,2,66.0,1.0,CustomNetwork,3,3,0,2,2,0,default,within,1,"{""target"": ""sad""}"
150,2022-08-09 19:33,False,,,CustomNetwork,4,False,experiment,False,{},{},gibbs_practice,2,68.0,0.0,CustomNetwork,3,3,0,2,2,0,default,within,1,"{""target"": ""happy""}"
151,2022-08-09 19:33,False,,,CustomNetwork,4,False,experiment,False,{},{},gibbs_practice,2,68.0,1.0,CustomNetwork,3,3,0,2,2,0,default,within,1,"{""target"": ""sad""}"
152,2022-08-09 19:39,False,,,CustomNetwork,4,False,experiment,False,{},{},gibbs_practice,2,71.0,0.0,CustomNetwork,3,3,0,2,2,0,default,within,1,"{""target"": ""happy""}"
153,2022-08-09 19:39,False,,,CustomNetwork,4,False,experiment,False,{},{},gibbs_practice,2,71.0,1.0,CustomNetwork,3,3,0,2,2,0,default,within,1,"{""target"": ""sad""}"
154,2022-08-09 19:40,False,,,CustomNetwork,4,False,experiment,False,{},{},gibbs_practice,2,72.0,0.0,CustomNetwork,3,3,0,2,2,0,default,within,1,"{""target"": ""happy""}"
155,2022-08-09 19:40,False,,,CustomNetwork,4,False,experiment,False,{},{},gibbs_practice,2,72.0,1.0,CustomNetwork,3,3,0,2,2,0,default,within,1,"{""target"": ""sad""}"
156,2022-08-09 19:41,False,,,CustomNetwork,4,False,experiment,False,{},{},gibbs_practice,2,64.0,0.0,CustomNetwork,3,3,0,2,2,0,default,within,1,"{""target"": ""happy""}"
157,2022-08-09 19:41,False,,,CustomNetwork,4,False,experiment,False,{},{},gibbs_practice,2,64.0,1.0,CustomNetwork,3,3,0,2,2,0,default,within,1,"{""target"": ""sad""}"
158,2022-08-09 19:42,False,,,CustomNetwork,4,False,experiment,False,{},{},gibbs_practice,2,74.0,0.0,CustomNetwork,3,3,0,2,2,0,default,within,1,"{""target"": ""happy""}"
159,2022-08-09 19:42,False,,,CustomNetwork,4,False,experiment,False,{},{},gibbs_practice,2,74.0,1.0,CustomNetwork,3,3,0,2,2,0,default,within,1,"{""target"": ""sad""}"
160,2022-08-09 19:49,False,,,CustomNetwork,4,False,experiment,False,{},{},gibbs_practice,2,75.0,0.0,CustomNetwork,3,3,0,2,2,0,default,within,1,"{""target"": ""happy""}"
161,2022-08-09 19:49,False,,,CustomNetwork,4,False,experiment,False,{},{},gibbs_practice,2,75.0,1.0,CustomNetwork,3,3,0,2,2,0,default,within,1,"{""target"": ""sad""}"
162,2022-08-09 19:57,False,,,CustomNetwork,4,False,experiment,False,{},{},gibbs_practice,2,78.0,0.0,CustomNetwork,3,3,0,2,2,0,default,within,1,"{""target"": ""happy""}"
163,2022-08-09 19:57,False,,,CustomNetwork,4,False,experiment,False,{},{},gibbs_practice,2,78.0,1.0,CustomNetwork,3,3,0,2,2,0,default,within,1,"{""target"": ""sad""}"
164,2022-08-09 19:57,False,,,CustomNetwork,4,False,experiment,False,{},{},gibbs_practice,2,79.0,0.0,CustomNetwork,3,3,0,2,2,0,default,within,1,"{""target"": ""happy""}"
165,2022-08-09 19:57,False,,,CustomNetwork,4,False,experiment,False,{},{},gibbs_practice,2,79.0,1.0,CustomNetwork,3,3,0,2,2,0,default,within,1,"{""target"": ""sad""}"
166,2022-08-09 20:06,False,,,CustomNetwork,4,False,experiment,False,{},{},gibbs_practice,2,81.0,0.0,CustomNetwork,3,3,0,2,2,0,default,within,1,"{""target"": ""happy""}"
167,2022-08-09 20:06,False,,,CustomNetwork,4,False,experiment,False,{},{},gibbs_practice,2,81.0,1.0,CustomNetwork,3,3,0,2,2,0,default,within,1,"{""target"": ""sad""}"
168,2022-08-09 20:11,False,,,CustomNetwork,4,False,experiment,False,{},{},gibbs_practice,2,80.0,0.0,CustomNetwork,3,3,0,2,2,0,default,within,1,"{""target"": ""happy""}"
169,2022-08-09 20:11,False,,,CustomNetwork,4,False,experiment,False,{},{},gibbs_practice,2,80.0,1.0,CustomNetwork,3,3,0,2,2,0,default,within,1,"{""target"": ""sad""}"
170,2022-08-09 20:13,False,,,CustomNetwork,4,False,experiment,False,{},{},gibbs_practice,2,83.0,0.0,CustomNetwork,3,3,0,2,2,0,default,within,1,"{""target"": ""happy""}"
171,2022-08-09 20:13,False,,,CustomNetwork,4,False,experiment,False,{},{},gibbs_practice,2,83.0,1.0,CustomNetwork,3,3,0,2,2,0,default,within,1,"{""target"": ""sad""}"
172,2022-08-09 20:13,False,,,CustomNetwork,4,False,experiment,False,{},{},gibbs_practice,2,84.0,0.0,CustomNetwork,3,3,0,2,2,0,default,within,1,"{""target"": ""happy""}"
173,2022-08-09 20:13,False,,,CustomNetwork,4,False,experiment,False,{},{},gibbs_practice,2,84.0,1.0,CustomNetwork,3,3,0,2,2,0,default,within,1,"{""target"": ""sad""}"
174,2022-08-09 20:15,False,,,CustomNetwork,4,False,experiment,False,{},{},gibbs_practice,2,86.0,0.0,CustomNetwork,3,3,0,2,2,0,default,within,1,"{""target"": ""happy""}"
175,2022-08-09 20:15,False,,,CustomNetwork,4,False,experiment,False,{},{},gibbs_practice,2,86.0,1.0,CustomNetwork,3,3,0,2,2,0,default,within,1,"{""target"": ""sad""}"
176,2022-08-09 20:19,False,,,CustomNetwork,4,False,experiment,False,{},{},gibbs_practice,2,89.0,0.0,CustomNetwork,3,3,0,2,2,0,default,within,1,"{""target"": ""happy""}"
177,2022-08-09 20:19,False,,,CustomNetwork,4,False,experiment,False,{},{},gibbs_practice,2,89.0,1.0,CustomNetwork,3,3,0,2,2,0,default,within,1,"{""target"": ""sad""}"
178,2022-08-09 20:20,False,,,CustomNetwork,4,False,experiment,False,{},{},gibbs_practice,2,87.0,0.0,CustomNetwork,3,3,0,2,2,0,default,within,1,"{""target"": ""happy""}"
179,2022-08-09 20:20,False,,,CustomNetwork,4,False,experiment,False,{},{},gibbs_practice,2,87.0,1.0,CustomNetwork,3,3,0,2,2,0,default,within,1,"{""target"": ""sad""}"
180,2022-08-09 20:22,False,,,CustomNetwork,4,False,experiment,False,{},{},gibbs_practice,2,88.0,0.0,CustomNetwork,3,3,0,2,2,0,default,within,1,"{""target"": ""happy""}"
181,2022-08-09 20:22,False,,,CustomNetwork,4,False,experiment,False,{},{},gibbs_practice,2,88.0,1.0,CustomNetwork,3,3,0,2,2,0,default,within,1,"{""target"": ""sad""}"
182,2022-08-09 20:29,False,,,CustomNetwork,4,False,experiment,False,{},{},gibbs_practice,2,85.0,0.0,CustomNetwork,3,3,0,2,2,0,default,within,1,"{""target"": ""happy""}"
183,2022-08-09 20:29,False,,,CustomNetwork,4,False,experiment,False,{},{},gibbs_practice,2,85.0,1.0,CustomNetwork,3,3,0,2,2,0,default,within,1,"{""target"": ""sad""}"
184,2022-08-09 20:33,False,,,CustomNetwork,4,False,experiment,False,{},{},gibbs_practice,2,90.0,0.0,CustomNetwork,3,3,0,2,2,0,default,within,1,"{""target"": ""happy""}"
185,2022-08-09 20:33,False,,,CustomNetwork,4,False,experiment,False,{},{},gibbs_practice,2,90.0,1.0,CustomNetwork,3,3,0,2,2,0,default,within,1,"{""target"": ""sad""}"
186,2022-08-09 20:36,False,,,CustomNetwork,4,False,experiment,False,{},{},gibbs_practice,2,91.0,0.0,CustomNetwork,3,3,0,2,2,0,default,within,1,"{""target"": ""happy""}"
187,2022-08-09 20:36,False,,,CustomNetwork,4,False,experiment,False,{},{},gibbs_practice,2,91.0,1.0,CustomNetwork,3,3,0,2,2,0,default,within,1,"{""target"": ""sad""}"
188,2022-08-09 20:37,False,,,CustomNetwork,4,False,experiment,False,{},{},gibbs_practice,2,92.0,0.0,CustomNetwork,3,3,0,2,2,0,default,within,1,"{""target"": ""happy""}"
189,2022-08-09 20:37,False,,,CustomNetwork,4,False,experiment,False,{},{},gibbs_practice,2,92.0,1.0,CustomNetwork,3,3,0,2,2,0,default,within,1,"{""target"": ""sad""}"
190,2022-08-09 20:41,False,,,CustomNetwork,4,False,experiment,False,{},{},gibbs_practice,2,98.0,0.0,CustomNetwork,3,3,0,2,2,0,default,within,1,"{""target"": ""happy""}"
191,2022-08-09 20:41,False,,,CustomNetwork,4,False,experiment,False,{},{},gibbs_practice,2,98.0,1.0,CustomNetwork,3,3,0,2,2,0,default,within,1,"{""target"": ""sad""}"
192,2022-08-09 20:42,False,,,CustomNetwork,4,False,experiment,False,{},{},gibbs_practice,2,96.0,0.0,CustomNetwork,3,3,0,2,2,0,default,within,1,"{""target"": ""happy""}"
193,2022-08-09 20:42,False,,,CustomNetwork,4,False,experiment,False,{},{},gibbs_practice,2,96.0,1.0,CustomNetwork,3,3,0,2,2,0,default,within,1,"{""target"": ""sad""}"
194,2022-08-09 20:42,False,,,CustomNetwork,4,False,experiment,False,{},{},gibbs_practice,2,99.0,0.0,CustomNetwork,3,3,0,2,2,0,default,within,1,"{""target"": ""happy""}"
195,2022-08-09 20:42,False,,,CustomNetwork,4,False,experiment,False,{},{},gibbs_practice,2,99.0,1.0,CustomNetwork,3,3,0,2,2,0,default,within,1,"{""target"": ""sad""}"
196,2022-08-09 20:43,False,,,CustomNetwork,4,False,experiment,False,{},{},gibbs_practice,2,102.0,0.0,CustomNetwork,3,3,0,2,2,0,default,within,1,"{""target"": ""happy""}"
197,2022-08-09 20:43,False,,,CustomNetwork,4,False,experiment,False,{},{},gibbs_practice,2,102.0,1.0,CustomNetwork,3,3,0,2,2,0,default,within,1,"{""target"": ""sad""}"
198,2022-08-09 20:43,False,,,CustomNetwork,4,False,experiment,False,{},{},gibbs_practice,2,103.0,0.0,CustomNetwork,3,3,0,2,2,0,default,within,1,"{""target"": ""happy""}"
199,2022-08-09 20:43,False,,,CustomNetwork,4,False,experiment,False,{},{},gibbs_practice,2,103.0,1.0,CustomNetwork,3,3,0,2,2,0,default,within,1,"{""target"": ""sad""}"
200,2022-08-09 20:43,False,,,CustomNetwork,4,False,experiment,False,{},{},gibbs_practice,2,95.0,0.0,CustomNetwork,3,3,0,2,2,0,default,within,1,"{""target"": ""happy""}"
201,2022-08-09 20:43,False,,,CustomNetwork,4,False,experiment,False,{},{},gibbs_practice,2,95.0,1.0,CustomNetwork,3,3,0,2,2,0,default,within,1,"{""target"": ""sad""}"
202,2022-08-09 20:44,False,,,CustomNetwork,4,False,experiment,False,{},{},gibbs_practice,2,104.0,0.0,CustomNetwork,3,3,0,2,2,0,default,within,1,"{""target"": ""happy""}"
203,2022-08-09 20:44,False,,,CustomNetwork,4,False,experiment,False,{},{},gibbs_practice,2,104.0,1.0,CustomNetwork,3,3,0,2,2,0,default,within,1,"{""target"": ""sad""}"
204,2022-08-09 20:44,False,,,CustomNetwork,4,False,experiment,False,{},{},gibbs_practice,2,94.0,0.0,CustomNetwork,3,3,0,2,2,0,default,within,1,"{""target"": ""happy""}"
205,2022-08-09 20:44,False,,,CustomNetwork,4,False,experiment,False,{},{},gibbs_practice,2,94.0,1.0,CustomNetwork,3,3,0,2,2,0,default,within,1,"{""target"": ""sad""}"
206,2022-08-09 20:45,False,,,CustomNetwork,4,False,experiment,False,{},{},gibbs_practice,2,97.0,0.0,CustomNetwork,3,3,0,2,2,0,default,within,1,"{""target"": ""happy""}"
207,2022-08-09 20:45,False,,,CustomNetwork,4,False,experiment,False,{},{},gibbs_practice,2,97.0,1.0,CustomNetwork,3,3,0,2,2,0,default,within,1,"{""target"": ""sad""}"
208,2022-08-09 20:45,False,,,CustomNetwork,4,False,experiment,False,{},{},gibbs_practice,2,100.0,0.0,CustomNetwork,3,3,0,2,2,0,default,within,1,"{""target"": ""happy""}"
209,2022-08-09 20:45,False,,,CustomNetwork,4,False,experiment,False,{},{},gibbs_practice,2,100.0,1.0,CustomNetwork,3,3,0,2,2,0,default,within,1,"{""target"": ""sad""}"
210,2022-08-09 20:46,False,,,CustomNetwork,4,False,experiment,False,{},{},gibbs_practice,2,101.0,0.0,CustomNetwork,3,3,0,2,2,0,default,within,1,"{""target"": ""happy""}"
211,2022-08-09 20:46,False,,,CustomNetwork,4,False,experiment,False,{},{},gibbs_practice,2,101.0,1.0,CustomNetwork,3,3,0,2,2,0,default,within,1,"{""target"": ""sad""}"
212,2022-08-09 20:48,False,,,CustomNetwork,4,False,experiment,False,{},{},gibbs_practice,2,105.0,0.0,CustomNetwork,3,3,0,2,2,0,default,within,1,"{""target"": ""happy""}"
213,2022-08-09 20:48,False,,,CustomNetwork,4,False,experiment,False,{},{},gibbs_practice,2,105.0,1.0,CustomNetwork,3,3,0,2,2,0,default,within,1,"{""target"": ""sad""}"
214,2022-08-09 20:56,False,,,CustomNetwork,4,False,experiment,False,{},{},gibbs_practice,2,106.0,0.0,CustomNetwork,3,3,0,2,2,0,default,within,1,"{""target"": ""happy""}"
215,2022-08-09 20:56,False,,,CustomNetwork,4,False,experiment,False,{},{},gibbs_practice,2,106.0,1.0,CustomNetwork,3,3,0,2,2,0,default,within,1,"{""target"": ""sad""}"
216,2022-08-09 21:03,False,,,CustomNetwork,4,False,experiment,False,{},{},gibbs_practice,2,107.0,0.0,CustomNetwork,3,3,0,2,2,0,default,within,1,"{""target"": ""happy""}"
217,2022-08-09 21:03,False,,,CustomNetwork,4,False,experiment,False,{},{},gibbs_practice,2,107.0,1.0,CustomNetwork,3,3,0,2,2,0,default,within,1,"{""target"": ""sad""}"
218,2022-08-09 21:10,False,,,CustomNetwork,4,False,experiment,False,{},{},gibbs_practice,2,109.0,0.0,CustomNetwork,3,3,0,2,2,0,default,within,1,"{""target"": ""happy""}"
219,2022-08-09 21:10,False,,,CustomNetwork,4,False,experiment,False,{},{},gibbs_practice,2,109.0,1.0,CustomNetwork,3,3,0,2,2,0,default,within,1,"{""target"": ""sad""}"
220,2022-08-09 21:10,False,,,CustomNetwork,4,False,experiment,False,{},{},gibbs_practice,2,111.0,0.0,CustomNetwork,3,3,0,2,2,0,default,within,1,"{""target"": ""happy""}"
221,2022-08-09 21:10,False,,,CustomNetwork,4,False,experiment,False,{},{},gibbs_practice,2,111.0,1.0,CustomNetwork,3,3,0,2,2,0,default,within,1,"{""target"": ""sad""}"
222,2022-08-09 21:10,False,,,CustomNetwork,4,False,experiment,False,{},{},gibbs_practice,2,110.0,0.0,CustomNetwork,3,3,0,2,2,0,default,within,1,"{""target"": ""happy""}"
223,2022-08-09 21:10,False,,,CustomNetwork,4,False,experiment,False,{},{},gibbs_practice,2,110.0,1.0,CustomNetwork,3,3,0,2,2,0,default,within,1,"{""target"": ""sad""}"
224,2022-08-09 21:12,False,,,CustomNetwork,4,False,experiment,False,{},{},gibbs_practice,2,112.0,0.0,CustomNetwork,3,3,0,2,2,0,default,within,1,"{""target"": ""happy""}"
225,2022-08-09 21:12,False,,,CustomNetwork,4,False,experiment,False,{},{},gibbs_practice,2,112.0,1.0,CustomNetwork,3,3,0,2,2,0,default,within,1,"{""target"": ""sad""}"
226,2022-08-09 21:17,False,,,CustomNetwork,4,False,experiment,False,{},{},gibbs_practice,2,113.0,0.0,CustomNetwork,3,3,0,2,2,0,default,within,1,"{""target"": ""happy""}"
227,2022-08-09 21:17,False,,,CustomNetwork,4,False,experiment,False,{},{},gibbs_practice,2,113.0,1.0,CustomNetwork,3,3,0,2,2,0,default,within,1,"{""target"": ""sad""}"
228,2022-08-09 21:19,False,,,CustomNetwork,4,False,experiment,False,{},{},gibbs_practice,2,114.0,0.0,CustomNetwork,3,3,0,2,2,0,default,within,1,"{""target"": ""happy""}"
229,2022-08-09 21:19,False,,,CustomNetwork,4,False,experiment,False,{},{},gibbs_practice,2,114.0,1.0,CustomNetwork,3,3,0,2,2,0,default,within,1,"{""target"": ""sad""}"
230,2022-08-09 21:22,False,,,CustomNetwork,4,False,experiment,False,{},{},gibbs_practice,2,115.0,0.0,CustomNetwork,3,3,0,2,2,0,default,within,1,"{""target"": ""happy""}"
231,2022-08-09 21:22,False,,,CustomNetwork,4,False,experiment,False,{},{},gibbs_practice,2,115.0,1.0,CustomNetwork,3,3,0,2,2,0,default,within,1,"{""target"": ""sad""}"
232,2022-08-09 21:23,False,,,CustomNetwork,4,False,experiment,False,{},{},gibbs_practice,2,116.0,0.0,CustomNetwork,3,3,0,2,2,0,default,within,1,"{""target"": ""happy""}"
233,2022-08-09 21:23,False,,,CustomNetwork,4,False,experiment,False,{},{},gibbs_practice,2,116.0,1.0,CustomNetwork,3,3,0,2,2,0,default,within,1,"{""target"": ""sad""}"
234,2022-08-09 21:28,False,,,CustomNetwork,4,False,experiment,False,{},{},gibbs_practice,2,119.0,0.0,CustomNetwork,3,3,0,2,2,0,default,within,1,"{""target"": ""happy""}"
235,2022-08-09 21:28,False,,,CustomNetwork,4,False,experiment,False,{},{},gibbs_practice,2,119.0,1.0,CustomNetwork,3,3,0,2,2,0,default,within,1,"{""target"": ""sad""}"
236,2022-08-09 21:33,False,,,CustomNetwork,4,False,experiment,False,{},{},gibbs_practice,2,120.0,0.0,CustomNetwork,3,3,0,2,2,0,default,within,1,"{""target"": ""happy""}"
237,2022-08-09 21:33,False,,,CustomNetwork,4,False,experiment,False,{},{},gibbs_practice,2,120.0,1.0,CustomNetwork,3,3,0,2,2,0,default,within,1,"{""target"": ""sad""}"
238,2022-08-09 21:35,False,,,CustomNetwork,4,False,experiment,False,{},{},gibbs_practice,2,121.0,0.0,CustomNetwork,3,3,0,2,2,0,default,within,1,"{""target"": ""happy""}"
239,2022-08-09 21:35,False,,,CustomNetwork,4,False,experiment,False,{},{},gibbs_practice,2,121.0,1.0,CustomNetwork,3,3,0,2,2,0,default,within,1,"{""target"": ""sad""}"
240,2022-08-09 21:38,False,,,CustomNetwork,4,False,experiment,False,{},{},gibbs_practice,2,118.0,0.0,CustomNetwork,3,3,0,2,2,0,default,within,1,"{""target"": ""happy""}"
241,2022-08-09 21:38,False,,,CustomNetwork,4,False,experiment,False,{},{},gibbs_practice,2,118.0,1.0,CustomNetwork,3,3,0,2,2,0,default,within,1,"{""target"": ""sad""}"
242,2022-08-09 21:41,False,,,CustomNetwork,4,False,experiment,False,{},{},gibbs_practice,2,123.0,0.0,CustomNetwork,3,3,0,2,2,0,default,within,1,"{""target"": ""happy""}"
243,2022-08-09 21:41,False,,,CustomNetwork,4,False,experiment,False,{},{},gibbs_practice,2,123.0,1.0,CustomNetwork,3,3,0,2,2,0,default,within,1,"{""target"": ""sad""}"
244,2022-08-09 21:46,False,,,CustomNetwork,4,False,experiment,False,{},{},gibbs_practice,2,122.0,0.0,CustomNetwork,3,3,0,2,2,0,default,within,1,"{""target"": ""happy""}"
245,2022-08-09 21:46,False,,,CustomNetwork,4,False,experiment,False,{},{},gibbs_practice,2,122.0,1.0,CustomNetwork,3,3,0,2,2,0,default,within,1,"{""target"": ""sad""}"
246,2022-08-09 22:02,False,,,CustomNetwork,4,False,experiment,False,{},{},gibbs_practice,2,124.0,0.0,CustomNetwork,3,3,0,2,2,0,default,within,1,"{""target"": ""happy""}"
247,2022-08-09 22:02,False,,,CustomNetwork,4,False,experiment,False,{},{},gibbs_practice,2,124.0,1.0,CustomNetwork,3,3,0,2,2,0,default,within,1,"{""target"": ""sad""}"
248,2022-08-09 22:16,False,,,CustomNetwork,4,False,experiment,False,{},{},gibbs_practice,2,126.0,0.0,CustomNetwork,3,3,0,2,2,0,default,within,1,"{""target"": ""happy""}"
249,2022-08-09 22:16,False,,,CustomNetwork,4,False,experiment,False,{},{},gibbs_practice,2,126.0,1.0,CustomNetwork,3,3,0,2,2,0,default,within,1,"{""target"": ""sad""}"
250,2022-08-09 22:31,False,,,CustomNetwork,4,False,experiment,False,{},{},gibbs_practice,2,128.0,0.0,CustomNetwork,3,3,0,2,2,0,default,within,1,"{""target"": ""happy""}"
251,2022-08-09 22:31,False,,,CustomNetwork,4,False,experiment,False,{},{},gibbs_practice,2,128.0,1.0,CustomNetwork,3,3,0,2,2,0,default,within,1,"{""target"": ""sad""}"
252,2022-08-09 22:37,False,,,CustomNetwork,4,False,experiment,False,{},{},gibbs_practice,2,129.0,0.0,CustomNetwork,3,3,0,2,2,0,default,within,1,"{""target"": ""happy""}"
253,2022-08-09 22:37,False,,,CustomNetwork,4,False,experiment,False,{},{},gibbs_practice,2,129.0,1.0,CustomNetwork,3,3,0,2,2,0,default,within,1,"{""target"": ""sad""}"
254,2022-08-09 23:05,False,,,CustomNetwork,4,False,experiment,False,{},{},gibbs_practice,2,131.0,0.0,CustomNetwork,3,3,0,2,2,0,default,within,1,"{""target"": ""happy""}"
255,2022-08-09 23:05,False,,,CustomNetwork,4,False,experiment,False,{},{},gibbs_practice,2,131.0,1.0,CustomNetwork,3,3,0,2,2,0,default,within,1,"{""target"": ""sad""}"
256,2022-08-09 23:20,False,,,CustomNetwork,4,False,experiment,False,{},{},gibbs_practice,2,132.0,0.0,CustomNetwork,3,3,0,2,2,0,default,within,1,"{""target"": ""happy""}"
257,2022-08-09 23:20,False,,,CustomNetwork,4,False,experiment,False,{},{},gibbs_practice,2,132.0,1.0,CustomNetwork,3,3,0,2,2,0,default,within,1,"{""target"": ""sad""}"
258,2022-08-09 23:25,False,,,CustomNetwork,4,False,experiment,False,{},{},gibbs_practice,2,133.0,0.0,CustomNetwork,3,3,0,2,2,0,default,within,1,"{""target"": ""happy""}"
259,2022-08-09 23:25,False,,,CustomNetwork,4,False,experiment,False,{},{},gibbs_practice,2,133.0,1.0,CustomNetwork,3,3,0,2,2,0,default,within,1,"{""target"": ""sad""}"
260,2022-08-09 23:26,False,,,CustomNetwork,4,False,experiment,False,{},{},gibbs_practice,2,135.0,0.0,CustomNetwork,3,3,0,2,2,0,default,within,1,"{""target"": ""happy""}"
261,2022-08-09 23:26,False,,,CustomNetwork,4,False,experiment,False,{},{},gibbs_practice,2,135.0,1.0,CustomNetwork,3,3,0,2,2,0,default,within,1,"{""target"": ""sad""}"
262,2022-08-09 23:28,False,,,CustomNetwork,4,False,experiment,False,{},{},gibbs_practice,2,134.0,0.0,CustomNetwork,3,3,0,2,2,0,default,within,1,"{""target"": ""happy""}"
263,2022-08-09 23:28,False,,,CustomNetwork,4,False,experiment,False,{},{},gibbs_practice,2,134.0,1.0,CustomNetwork,3,3,0,2,2,0,default,within,1,"{""target"": ""sad""}"
264,2022-08-09 23:31,False,,,CustomNetwork,4,False,experiment,False,{},{},gibbs_practice,2,136.0,0.0,CustomNetwork,3,3,0,2,2,0,default,within,1,"{""target"": ""happy""}"
265,2022-08-09 23:31,False,,,CustomNetwork,4,False,experiment,False,{},{},gibbs_practice,2,136.0,1.0,CustomNetwork,3,3,0,2,2,0,default,within,1,"{""target"": ""sad""}"
266,2022-08-09 23:32,False,,,CustomNetwork,4,False,experiment,False,{},{},gibbs_practice,2,137.0,0.0,CustomNetwork,3,3,0,2,2,0,default,within,1,"{""target"": ""happy""}"
267,2022-08-09 23:32,False,,,CustomNetwork,4,False,experiment,False,{},{},gibbs_practice,2,137.0,1.0,CustomNetwork,3,3,0,2,2,0,default,within,1,"{""target"": ""sad""}"
268,2022-08-09 23:58,False,,,CustomNetwork,4,False,experiment,False,{},{},gibbs_practice,2,138.0,0.0,CustomNetwork,3,3,0,2,2,0,default,within,1,"{""target"": ""happy""}"
269,2022-08-09 23:58,False,,,CustomNetwork,4,False,experiment,False,{},{},gibbs_practice,2,138.0,1.0,CustomNetwork,3,3,0,2,2,0,default,within,1,"{""target"": ""sad""}"
270,2022-08-10 00:40,False,,,CustomNetwork,4,False,experiment,False,{},{},gibbs_practice,2,139.0,0.0,CustomNetwork,3,3,0,2,2,0,default,within,1,"{""target"": ""happy""}"
271,2022-08-10 00:40,False,,,CustomNetwork,4,False,experiment,False,{},{},gibbs_practice,2,139.0,1.0,CustomNetwork,3,3,0,2,2,0,default,within,1,"{""target"": ""sad""}"
272,2022-08-10 00:46,False,,,CustomNetwork,4,False,experiment,False,{},{},gibbs_practice,2,140.0,0.0,CustomNetwork,3,3,0,2,2,0,default,within,1,"{""target"": ""happy""}"
273,2022-08-10 00:46,False,,,CustomNetwork,4,False,experiment,False,{},{},gibbs_practice,2,140.0,1.0,CustomNetwork,3,3,0,2,2,0,default,within,1,"{""target"": ""sad""}"
274,2022-08-10 02:48,False,,,CustomNetwork,4,False,experiment,False,{},{},gibbs_practice,2,141.0,0.0,CustomNetwork,3,3,0,2,2,0,default,within,1,"{""target"": ""happy""}"
275,2022-08-10 02:48,False,,,CustomNetwork,4,False,experiment,False,{},{},gibbs_practice,2,141.0,1.0,CustomNetwork,3,3,0,2,2,0,default,within,1,"{""target"": ""sad""}"
