id,creation_time,failed,failed_reason,time_of_death,type,network_id,participant_id,awaiting_async_process,pending_async_processes,failed_async_processes,definition,stimulus_id,phase,participant_group,block,has_media,s3_bucket,remote_media_dir,media_id,class,media_url
82,2022-08-09 17:34,False,,,StimulusVersion,1,,False,{},{},{},81,screening,default,default,False,,,,StimulusVersion,
85,2022-08-09 17:34,False,,,StimulusVersion,1,,False,{},{},{},84,screening,default,default,False,,,,StimulusVersion,
89,2022-08-09 17:34,False,,,StimulusVersion,1,,False,{},{},{},87,screening,default,default,False,,,,StimulusVersion,
92,2022-08-09 17:34,False,,,StimulusVersion,1,,False,{},{},{},90,screening,default,default,False,,,,StimulusVersion,
95,2022-08-09 17:34,False,,,StimulusVersion,1,,False,{},{},{},93,screening,default,default,False,,,,StimulusVersion,
98,2022-08-09 17:34,False,,,StimulusVersion,1,,False,{},{},{},96,screening,default,default,False,,,,StimulusVersion,
101,2022-08-09 17:34,False,,,StimulusVersion,1,,False,{},{},{},99,screening,default,default,False,,,,StimulusVersion,
104,2022-08-09 17:34,False,,,StimulusVersion,1,,False,{},{},{},102,screening,default,default,False,,,,StimulusVersion,
107,2022-08-09 17:34,False,,,StimulusVersion,1,,False,{},{},{},106,screening,default,default,False,,,,StimulusVersion,
110,2022-08-09 17:34,False,,,StimulusVersion,1,,False,{},{},{},108,screening,default,default,False,,,,StimulusVersion,
113,2022-08-09 17:34,False,,,StimulusVersion,1,,False,{},{},{},112,screening,default,default,False,,,,StimulusVersion,
116,2022-08-09 17:34,False,,,StimulusVersion,1,,False,{},{},{},115,screening,default,default,False,,,,StimulusVersion,
