id,creation_time,failed,failed_reason,time_of_death,type,network_id,participant_id,awaiting_async_process,pending_async_processes,failed_async_processes,definition,target_num_trials,class,participant_group,block
81,2022-08-09 17:34,False,,,Stimulus,1,,False,{},{},"{""url"": ""https://s3.amazonaws.com/lextale-test-materials/lextale-1.png"", ""label"": ""1"", ""correct_answer"": ""yes""}",,Stimulus,default,default
84,2022-08-09 17:34,False,,,Stimulus,1,,False,{},{},"{""url"": ""https://s3.amazonaws.com/lextale-test-materials/lextale-2.png"", ""label"": ""2"", ""correct_answer"": ""yes""}",,Stimulus,default,default
87,2022-08-09 17:34,False,,,Stimulus,1,,False,{},{},"{""url"": ""https://s3.amazonaws.com/lextale-test-materials/lextale-3.png"", ""label"": ""3"", ""correct_answer"": ""yes""}",,Stimulus,default,default
90,2022-08-09 17:34,False,,,Stimulus,1,,False,{},{},"{""url"": ""https://s3.amazonaws.com/lextale-test-materials/lextale-4.png"", ""label"": ""4"", ""correct_answer"": ""yes""}",,Stimulus,default,default
93,2022-08-09 17:34,False,,,Stimulus,1,,False,{},{},"{""url"": ""https://s3.amazonaws.com/lextale-test-materials/lextale-5.png"", ""label"": ""5"", ""correct_answer"": ""yes""}",,Stimulus,default,default
96,2022-08-09 17:34,False,,,Stimulus,1,,False,{},{},"{""url"": ""https://s3.amazonaws.com/lextale-test-materials/lextale-6.png"", ""label"": ""6"", ""correct_answer"": ""yes""}",,Stimulus,default,default
99,2022-08-09 17:34,False,,,Stimulus,1,,False,{},{},"{""url"": ""https://s3.amazonaws.com/lextale-test-materials/lextale-7.png"", ""label"": ""7"", ""correct_answer"": ""yes""}",,Stimulus,default,default
102,2022-08-09 17:34,False,,,Stimulus,1,,False,{},{},"{""url"": ""https://s3.amazonaws.com/lextale-test-materials/lextale-8.png"", ""label"": ""8"", ""correct_answer"": ""no""}",,Stimulus,default,default
106,2022-08-09 17:34,False,,,Stimulus,1,,False,{},{},"{""url"": ""https://s3.amazonaws.com/lextale-test-materials/lextale-9.png"", ""label"": ""9"", ""correct_answer"": ""no""}",,Stimulus,default,default
108,2022-08-09 17:34,False,,,Stimulus,1,,False,{},{},"{""url"": ""https://s3.amazonaws.com/lextale-test-materials/lextale-10.png"", ""label"": ""10"", ""correct_answer"": ""no""}",,Stimulus,default,default
112,2022-08-09 17:34,False,,,Stimulus,1,,False,{},{},"{""url"": ""https://s3.amazonaws.com/lextale-test-materials/lextale-11.png"", ""label"": ""11"", ""correct_answer"": ""no""}",,Stimulus,default,default
115,2022-08-09 17:34,False,,,Stimulus,1,,False,{},{},"{""url"": ""https://s3.amazonaws.com/lextale-test-materials/lextale-12.png"", ""label"": ""12"", ""correct_answer"": ""no""}",,Stimulus,default,default
